Economy,Year,GDP,Population
AUS,12/31/2017,1157.283926,24.451
AUS,12/31/2018,1201.142573,24.772
AUS,12/31/2019,1245.039044,25.089
AUS,12/31/2020,1289.224526,25.398
AUS,12/31/2021,1333.639686,25.7
AUS,12/31/2022,1378.646228,25.996
AUS,12/31/2023,1424.442629,26.287
AUS,12/31/2024,1471.20582,26.573
AUS,12/31/2025,1519.006309,26.857
AUS,12/31/2026,1566.859653,27.139
AUS,12/31/2027,1615.958599,27.418
AUS,12/31/2028,1666.222278,27.693
AUS,12/31/2029,1717.419964,27.966
AUS,12/31/2030,1769.393796,28.234
AUS,12/31/2031,1821.332122,28.5
AUS,12/31/2032,1874.054169,28.76
AUS,12/31/2033,1927.569372,29.018
AUS,12/31/2034,1981.931991,29.273
AUS,12/31/2035,2037.127705,29.527
AUS,12/31/2036,2091.895589,29.777
AUS,12/31/2037,2147.448007,30.026
AUS,12/31/2038,2203.751837,30.273
AUS,12/31/2039,2260.727484,30.52
AUS,12/31/2040,2318.290528,30.764
AUS,12/31/2041,2375.138639,31.009
AUS,12/31/2042,2432.794114,31.253
AUS,12/31/2043,2491.262884,31.496
AUS,12/31/2044,2550.592656,31.739
AUS,12/31/2045,2610.851825,31.982
AUS,12/31/2046,2670.775153,32.225
AUS,12/31/2047,2731.887132,32.468
AUS,12/31/2048,2794.170024,32.71
AUS,12/31/2049,2857.579294,32.95
AUS,12/31/2050,2922.072575,33.187
BD,12/31/2017,32.43736558,0.429
BD,12/31/2018,33.06990745,0.434
BD,12/31/2019,33.6765174,0.439
BD,12/31/2020,34.25948149,0.445
BD,12/31/2021,34.7613324,0.45
BD,12/31/2022,35.25930322,0.455
BD,12/31/2023,35.74498418,0.459
BD,12/31/2024,36.21604656,0.464
BD,12/31/2025,36.67080537,0.469
BD,12/31/2026,37.06793878,0.473
BD,12/31/2027,37.46276767,0.478
BD,12/31/2028,37.85801066,0.482
BD,12/31/2029,38.25590743,0.486
BD,12/31/2030,38.65420046,0.49
BD,12/31/2031,38.9798883,0.494
BD,12/31/2032,39.31756879,0.497
BD,12/31/2033,39.66354889,0.5
BD,12/31/2034,40.01831814,0.504
BD,12/31/2035,40.37763015,0.507
BD,12/31/2036,40.67279156,0.509
BD,12/31/2037,40.98266035,0.513
BD,12/31/2038,41.30388234,0.515
BD,12/31/2039,41.63187599,0.518
BD,12/31/2040,41.96499216,0.52
BD,12/31/2041,42.23176756,0.522
BD,12/31/2042,42.51137821,0.524
BD,12/31/2043,42.80047205,0.526
BD,12/31/2044,43.10018975,0.528
BD,12/31/2045,43.40773233,0.53
BD,12/31/2046,43.64478505,0.532
BD,12/31/2047,43.89495617,0.533
BD,12/31/2048,44.15660231,0.535
BD,12/31/2049,44.43225067,0.535
BD,12/31/2050,44.71449341,0.537
CDA,12/31/2017,1702.56112,36.624
CDA,12/31/2018,1736.225571,36.954
CDA,12/31/2019,1771.168763,37.28
CDA,12/31/2020,1807.36286,37.604
CDA,12/31/2021,1844.71246,37.924
CDA,12/31/2022,1883.170718,38.242
CDA,12/31/2023,1922.752078,38.556
CDA,12/31/2024,1963.133817,38.868
CDA,12/31/2025,2004.109568,39.173
CDA,12/31/2026,2045.710589,39.473
CDA,12/31/2027,2087.986905,39.769
CDA,12/31/2028,2130.945077,40.059
CDA,12/31/2029,2174.536544,40.342
CDA,12/31/2030,2218.71007,40.618
CDA,12/31/2031,2263.425517,40.886
CDA,12/31/2032,2308.694906,41.147
CDA,12/31/2033,2354.538825,41.401
CDA,12/31/2034,2400.973842,41.647
CDA,12/31/2035,2448.001199,41.888
CDA,12/31/2036,2495.626479,42.123
CDA,12/31/2037,2543.873074,42.351
CDA,12/31/2038,2592.766017,42.574
CDA,12/31/2039,2642.312764,42.792
CDA,12/31/2040,2692.521059,43.005
CDA,12/31/2041,2743.424646,43.213
CDA,12/31/2042,2795.096455,43.417
CDA,12/31/2043,2847.594538,43.619
CDA,12/31/2044,2900.951807,43.816
CDA,12/31/2045,2955.183143,44.011
CDA,12/31/2046,3010.304987,44.204
CDA,12/31/2047,3066.353016,44.395
CDA,12/31/2048,3123.34048,44.583
CDA,12/31/2049,3181.260928,44.768
CDA,12/31/2050,3240.094122,44.949
CHL,12/31/2017,433.1239066,18.055
CHL,12/31/2018,457.4892747,18.197
CHL,12/31/2019,482.2439331,18.336
CHL,12/31/2020,507.1911638,18.472
CHL,12/31/2021,532.1832779,18.605
CHL,12/31/2022,557.0930074,18.734
CHL,12/31/2023,581.8188688,18.859
CHL,12/31/2024,606.2988797,18.98
CHL,12/31/2025,630.5043574,19.099
CHL,12/31/2026,654.4351009,19.214
CHL,12/31/2027,678.1107657,19.327
CHL,12/31/2028,701.5592257,19.435
CHL,12/31/2029,724.8162389,19.538
CHL,12/31/2030,747.9239886,19.638
CHL,12/31/2031,770.9288786,19.731
CHL,12/31/2032,793.8797906,19.82
CHL,12/31/2033,816.8236113,19.903
CHL,12/31/2034,839.806564,19.983
CHL,12/31/2035,862.8703395,20.059
CHL,12/31/2036,886.0498811,20.131
CHL,12/31/2037,909.3751705,20.199
CHL,12/31/2038,932.8651206,20.263
CHL,12/31/2039,956.5234499,20.322
CHL,12/31/2040,980.3417883,20.378
CHL,12/31/2041,1004.308061,20.431
CHL,12/31/2042,1028.412733,20.479
CHL,12/31/2043,1052.638806,20.523
CHL,12/31/2044,1076.959404,20.562
CHL,12/31/2045,1101.337868,20.598
CHL,12/31/2046,1125.734717,20.63
CHL,12/31/2047,1150.114767,20.657
CHL,12/31/2048,1174.440897,20.682
CHL,12/31/2049,1198.676569,20.702
CHL,12/31/2050,1222.783525,20.718
PRC,12/31/2017,22363.53103,1409.517
PRC,12/31/2018,23659.61253,1415.046
PRC,12/31/2019,24947.92153,1420.062
PRC,12/31/2020,26230.10541,1424.548
PRC,12/31/2021,27506.86183,1428.48
PRC,12/31/2022,28778.35743,1431.85
PRC,12/31/2023,30044.82338,1434.676
PRC,12/31/2024,31306.91204,1436.995
PRC,12/31/2025,32566.12911,1438.836
PRC,12/31/2026,33825.34552,1440.205
PRC,12/31/2027,35088.93372,1441.106
PRC,12/31/2028,36362.3127,1441.556
PRC,12/31/2029,37651.69515,1441.574
PRC,12/31/2030,38964.09593,1441.182
PRC,12/31/2031,40306.88905,1440.391
PRC,12/31/2032,41686.98853,1439.216
PRC,12/31/2033,43109.57601,1437.667
PRC,12/31/2034,44577.04452,1435.761
PRC,12/31/2035,46088.49836,1433.509
PRC,12/31/2036,47639.38522,1430.923
PRC,12/31/2037,49221.38089,1428.013
PRC,12/31/2038,50822.94191,1424.792
PRC,12/31/2039,52430.13097,1421.275
PRC,12/31/2040,54027.94789,1417.473
PRC,12/31/2041,55602.06671,1413.397
PRC,12/31/2042,57140.38542,1409.052
PRC,12/31/2043,58633.47443,1404.434
PRC,12/31/2044,60075.23164,1399.538
PRC,12/31/2045,61463.04977,1394.361
PRC,12/31/2046,62797.98309,1388.91
PRC,12/31/2047,64084.44236,1383.192
PRC,12/31/2048,65329.42523,1377.21
PRC,12/31/2049,66541.96793,1370.963
PRC,12/31/2050,67732.04067,1364.456
HKC,12/31/2017,436.5890155,7.365
HKC,12/31/2018,449.1597931,7.429
HKC,12/31/2019,461.8591706,7.491
HKC,12/31/2020,474.5711983,7.548
HKC,12/31/2021,487.0754561,7.598
HKC,12/31/2022,499.279321,7.643
HKC,12/31/2023,511.2531616,7.685
HKC,12/31/2024,523.237831,7.726
HKC,12/31/2025,535.4166282,7.768
HKC,12/31/2026,547.3574284,7.814
HKC,12/31/2027,559.4722532,7.859
HKC,12/31/2028,571.8199627,7.905
HKC,12/31/2029,584.3939782,7.948
HKC,12/31/2030,597.273775,7.987
HKC,12/31/2031,609.9856775,8.023
HKC,12/31/2032,623.1094852,8.053
HKC,12/31/2033,636.5822704,8.08
HKC,12/31/2034,650.327773,8.105
HKC,12/31/2035,664.2264016,8.127
HKC,12/31/2036,678.4036295,8.146
HKC,12/31/2037,692.7500376,8.162
HKC,12/31/2038,707.2851707,8.176
HKC,12/31/2039,721.9592578,8.188
HKC,12/31/2040,736.7636748,8.199
HKC,12/31/2041,751.8509651,8.209
HKC,12/31/2042,767.0260049,8.216
HKC,12/31/2043,782.2920468,8.223
HKC,12/31/2044,797.7606121,8.228
HKC,12/31/2045,813.3671333,8.233
HKC,12/31/2046,830.6353725,8.238
HKC,12/31/2047,848.2545747,8.243
HKC,12/31/2048,866.0841888,8.247
HKC,12/31/2049,883.9891083,8.25
HKC,12/31/2050,901.9311209,8.253
INA,12/31/2017,3112.331292,263.991
INA,12/31/2018,3295.60928,266.795
INA,12/31/2019,3488.936656,269.537
INA,12/31/2020,3693.734814,272.223
INA,12/31/2021,3911.045297,274.854
INA,12/31/2022,4141.602277,277.425
INA,12/31/2023,4385.948175,279.934
INA,12/31/2024,4644.490992,282.376
INA,12/31/2025,4917.539393,284.751
INA,12/31/2026,5205.336959,287.056
INA,12/31/2027,5508.052854,289.292
INA,12/31/2028,5825.728932,291.46
INA,12/31/2029,6158.276587,293.56
INA,12/31/2030,6505.538184,295.595
INA,12/31/2031,6867.313616,297.565
INA,12/31/2032,7243.34596,299.468
INA,12/31/2033,7633.308546,301.302
INA,12/31/2034,8036.803252,303.066
INA,12/31/2035,8453.413859,304.758
INA,12/31/2036,8882.770875,306.378
INA,12/31/2037,9324.649631,307.924
INA,12/31/2038,9778.929011,309.399
INA,12/31/2039,10245.53837,310.802
INA,12/31/2040,10724.46297,312.134
INA,12/31/2041,11215.77867,313.396
INA,12/31/2042,11719.61657,314.588
INA,12/31/2043,12236.10816,315.709
INA,12/31/2044,12765.36453,316.757
INA,12/31/2045,13307.48294,317.732
INA,12/31/2046,13862.57793,318.635
INA,12/31/2047,14430.73764,319.465
INA,12/31/2048,15011.94734,320.226
INA,12/31/2049,15606.03745,320.92
INA,12/31/2050,16212.72839,321.55
JPN,12/31/2017,5210.443687,127.484
JPN,12/31/2018,5250.003682,127.185
JPN,12/31/2019,5296.109833,126.855
JPN,12/31/2020,5347.531502,126.495
JPN,12/31/2021,5403.147929,126.109
JPN,12/31/2022,5462.306521,125.697
JPN,12/31/2023,5524.722222,125.259
JPN,12/31/2024,5590.26717,124.796
JPN,12/31/2025,5658.856244,124.31
JPN,12/31/2026,5730.421375,123.801
JPN,12/31/2027,5804.85581,123.272
JPN,12/31/2028,5881.862362,122.724
JPN,12/31/2029,5960.930694,122.161
JPN,12/31/2030,6041.482769,121.58
JPN,12/31/2031,6122.239375,120.988
JPN,12/31/2032,6201.58722,120.382
JPN,12/31/2033,6279.5183,119.766
JPN,12/31/2034,6356.080281,119.138
JPN,12/31/2035,6431.338777,118.5
JPN,12/31/2036,6505.342764,117.852
JPN,12/31/2037,6578.159613,117.198
JPN,12/31/2038,6649.849253,116.539
JPN,12/31/2039,6720.513127,115.876
JPN,12/31/2040,6790.328495,115.213
JPN,12/31/2041,6859.6238,114.548
JPN,12/31/2042,6928.927126,113.886
JPN,12/31/2043,6998.793709,113.226
JPN,12/31/2044,7069.777294,112.571
JPN,12/31/2045,7142.438952,111.924
JPN,12/31/2046,7217.39899,111.282
JPN,12/31/2047,7295.399996,110.65
JPN,12/31/2048,7377.138739,110.024
JPN,12/31/2049,7463.193178,109.406
JPN,12/31/2050,7554.033544,108.794
KOR,12/31/2017,1948.925666,50.982
KOR,12/31/2018,2013.342662,51.164
KOR,12/31/2019,2078.130276,51.339
KOR,12/31/2020,2143.183904,51.507
KOR,12/31/2021,2208.267338,51.667
KOR,12/31/2022,2273.136741,51.817
KOR,12/31/2023,2337.591253,51.959
KOR,12/31/2024,2401.515619,52.093
KOR,12/31/2025,2464.833932,52.219
KOR,12/31/2026,2527.488781,52.338
KOR,12/31/2027,2589.456879,52.447
KOR,12/31/2028,2650.72849,52.546
KOR,12/31/2029,2711.32485,52.631
KOR,12/31/2030,2771.278698,52.702
KOR,12/31/2031,2830.634441,52.757
KOR,12/31/2032,2889.462983,52.798
KOR,12/31/2033,2947.844914,52.821
KOR,12/31/2034,3005.866379,52.823
KOR,12/31/2035,3063.609306,52.806
KOR,12/31/2036,3121.150744,52.767
KOR,12/31/2037,3178.570846,52.706
KOR,12/31/2038,3235.926536,52.626
KOR,12/31/2039,3293.225172,52.527
KOR,12/31/2040,3350.439908,52.41
KOR,12/31/2041,3407.529375,52.276
KOR,12/31/2042,3464.460649,52.125
KOR,12/31/2043,3521.198316,51.959
KOR,12/31/2044,3577.691327,51.779
KOR,12/31/2045,3633.893874,51.586
KOR,12/31/2046,3689.78595,51.381
KOR,12/31/2047,3745.392658,51.165
KOR,12/31/2048,3800.756553,50.938
KOR,12/31/2049,3855.904183,50.702
KOR,12/31/2050,3910.867882,50.457
MAS,12/31/2017,893.3100836,31.624
MAS,12/31/2018,936.2440522,32.043
MAS,12/31/2019,980.686103,32.455
MAS,12/31/2020,1026.535142,32.869
MAS,12/31/2021,1073.995475,33.289
MAS,12/31/2022,1122.952095,33.711
MAS,12/31/2023,1173.554862,34.131
MAS,12/31/2024,1225.847959,34.545
MAS,12/31/2025,1279.938307,34.95
MAS,12/31/2026,1334.807058,35.344
MAS,12/31/2027,1391.445555,35.728
MAS,12/31/2028,1449.800778,36.102
MAS,12/31/2029,1510.084857,36.464
MAS,12/31/2030,1572.391528,36.815
MAS,12/31/2031,1636.59409,37.153
MAS,12/31/2032,1702.987236,37.478
MAS,12/31/2033,1771.408428,37.791
MAS,12/31/2034,1842.057125,38.091
MAS,12/31/2035,1914.777127,38.381
MAS,12/31/2036,1988.510126,38.659
MAS,12/31/2037,2064.280352,38.925
MAS,12/31/2038,2142.014094,39.181
MAS,12/31/2039,2221.550062,39.429
MAS,12/31/2040,2302.929229,39.668
MAS,12/31/2041,2385.227212,39.9
MAS,12/31/2042,2469.225371,40.124
MAS,12/31/2043,2555.241485,40.341
MAS,12/31/2044,2642.997976,40.554
MAS,12/31/2045,2732.576904,40.761
MAS,12/31/2046,2821.931807,40.964
MAS,12/31/2047,2912.58984,41.162
MAS,12/31/2048,3004.664171,41.356
MAS,12/31/2049,3097.91407,41.545
MAS,12/31/2050,3192.193894,41.729
MEX,12/31/2017,2359.469879,129.163
MEX,12/31/2018,2423.064928,130.76
MEX,12/31/2019,2488.662577,132.328
MEX,12/31/2020,2556.590943,133.87
MEX,12/31/2021,2627.00854,135.384
MEX,12/31/2022,2700.146947,136.869
MEX,12/31/2023,2776.11114,138.322
MEX,12/31/2024,2854.9172,139.745
MEX,12/31/2025,2937.112495,141.132
MEX,12/31/2026,3023.294578,142.484
MEX,12/31/2027,3114.081122,143.801
MEX,12/31/2028,3210.03934,145.083
MEX,12/31/2029,3311.660729,146.329
MEX,12/31/2030,3419.36189,147.54
MEX,12/31/2031,3533.473991,148.716
MEX,12/31/2032,3654.226262,149.856
MEX,12/31/2033,3781.732343,150.959
MEX,12/31/2034,3916.000285,152.028
MEX,12/31/2035,4056.930894,153.061
MEX,12/31/2036,4204.318922,154.058
MEX,12/31/2037,4357.867161,155.018
MEX,12/31/2038,4517.210602,155.944
MEX,12/31/2039,4681.952918,156.835
MEX,12/31/2040,4851.673587,157.69
MEX,12/31/2041,5025.961192,158.51
MEX,12/31/2042,5204.430223,159.295
MEX,12/31/2043,5386.696996,160.045
MEX,12/31/2044,5572.396061,160.758
MEX,12/31/2045,5761.177263,161.436
MEX,12/31/2046,5952.481071,162.078
MEX,12/31/2047,6145.357455,162.682
MEX,12/31/2048,6339.66944,163.251
MEX,12/31/2049,6535.29742,163.783
MEX,12/31/2050,6732.144268,164.279
NZ,12/31/2017,182.2806463,4.706
NZ,12/31/2018,186.6828112,4.749
NZ,12/31/2019,191.4054561,4.792
NZ,12/31/2020,196.388262,4.834
NZ,12/31/2021,201.568161,4.875
NZ,12/31/2022,206.8974558,4.916
NZ,12/31/2023,212.343571,4.956
NZ,12/31/2024,217.8873681,4.994
NZ,12/31/2025,223.5189706,5.033
NZ,12/31/2026,229.2359217,5.07
NZ,12/31/2027,235.0410129,5.107
NZ,12/31/2028,240.9359906,5.144
NZ,12/31/2029,246.9194669,5.178
NZ,12/31/2030,252.9902717,5.213
NZ,12/31/2031,259.1491793,5.246
NZ,12/31/2032,265.3999629,5.279
NZ,12/31/2033,271.7474897,5.31
NZ,12/31/2034,278.1966822,5.34
NZ,12/31/2035,284.7525645,5.37
NZ,12/31/2036,291.4195402,5.398
NZ,12/31/2037,298.2012063,5.425
NZ,12/31/2038,305.0987622,5.451
NZ,12/31/2039,312.1096272,5.477
NZ,12/31/2040,319.2303001,5.502
NZ,12/31/2041,326.4600742,5.526
NZ,12/31/2042,333.8035801,5.549
NZ,12/31/2043,341.2642669,5.572
NZ,12/31/2044,348.841409,5.593
NZ,12/31/2045,356.5316482,5.614
NZ,12/31/2046,364.3319121,5.635
NZ,12/31/2047,372.2422959,5.656
NZ,12/31/2048,380.2620501,5.675
NZ,12/31/2049,388.389002,5.694
NZ,12/31/2050,396.61942,5.711
PNG,12/31/2017,33.2396287,8.251
PNG,12/31/2018,34.87668437,8.418
PNG,12/31/2019,36.66514097,8.587
PNG,12/31/2020,38.63917072,8.756
PNG,12/31/2021,40.72545439,8.926
PNG,12/31/2022,43.00185542,9.097
PNG,12/31/2023,45.47034498,9.268
PNG,12/31/2024,48.1280005,9.442
PNG,12/31/2025,50.97965512,9.614
PNG,12/31/2026,53.92422112,9.788
PNG,12/31/2027,57.05106268,9.962
PNG,12/31/2028,60.36594594,10.137
PNG,12/31/2029,63.87141139,10.312
PNG,12/31/2030,67.57787019,10.487
PNG,12/31/2031,71.37800232,10.662
PNG,12/31/2032,75.37245666,10.837
PNG,12/31/2033,79.56804742,11.012
PNG,12/31/2034,83.97263329,11.187
PNG,12/31/2035,88.60181941,11.362
PNG,12/31/2036,93.35614022,11.536
PNG,12/31/2037,98.32870054,11.709
PNG,12/31/2038,103.5406395,11.881
PNG,12/31/2039,108.9957666,12.053
PNG,12/31/2040,114.7081715,12.224
PNG,12/31/2041,120.5121605,12.394
PNG,12/31/2042,126.5709271,12.564
PNG,12/31/2043,132.8836654,12.732
PNG,12/31/2044,139.4636619,12.899
PNG,12/31/2045,146.3244003,13.064
PNG,12/31/2046,153.2718447,13.228
PNG,12/31/2047,160.4853657,13.391
PNG,12/31/2048,167.9777462,13.553
PNG,12/31/2049,175.7563111,13.713
PNG,12/31/2050,183.8278699,13.871
PE,12/31/2017,414.7337438,32.165
PE,12/31/2018,432.9314934,32.552
PE,12/31/2019,451.5893016,32.933
PE,12/31/2020,470.5565327,33.312
PE,12/31/2021,489.6655027,33.686
PE,12/31/2022,508.9829107,34.055
PE,12/31/2023,528.5603403,34.419
PE,12/31/2024,548.3541673,34.778
PE,12/31/2025,568.3644019,35.13
PE,12/31/2026,588.5920377,35.478
PE,12/31/2027,609.0640726,35.821
PE,12/31/2028,629.8293208,36.156
PE,12/31/2029,650.8912409,36.485
PE,12/31/2030,672.2904556,36.807
PE,12/31/2031,693.8433653,37.12
PE,12/31/2032,715.7247402,37.426
PE,12/31/2033,737.9366257,37.725
PE,12/31/2034,760.4626457,38.015
PE,12/31/2035,783.3184768,38.299
PE,12/31/2036,806.433252,38.575
PE,12/31/2037,829.8861191,38.844
PE,12/31/2038,853.6422203,39.106
PE,12/31/2039,877.6828613,39.359
PE,12/31/2040,902.0323957,39.607
PE,12/31/2041,927.409574,39.845
PE,12/31/2042,953.1465549,40.076
PE,12/31/2043,979.2514099,40.299
PE,12/31/2044,1005.700078,40.514
PE,12/31/2045,1032.497892,40.72
PE,12/31/2046,1059.931689,40.917
PE,12/31/2047,1087.807946,41.106
PE,12/31/2048,1115.972908,41.286
PE,12/31/2049,1144.533167,41.458
PE,12/31/2050,1173.461229,41.621
RP,12/31/2017,840.1025537,104.918
RP,12/31/2018,883.4396103,106.512
RP,12/31/2019,929.829707,108.106
RP,12/31/2020,979.4895725,109.703
RP,12/31/2021,1032.195558,111.303
RP,12/31/2022,1088.467794,112.902
RP,12/31/2023,1148.052439,114.497
RP,12/31/2024,1210.949686,116.086
RP,12/31/2025,1277.063575,117.665
RP,12/31/2026,1345.597406,119.232
RP,12/31/2027,1417.139493,120.789
RP,12/31/2028,1491.768516,122.332
RP,12/31/2029,1569.448557,123.86
RP,12/31/2030,1650.104419,125.372
RP,12/31/2031,1733.122607,126.868
RP,12/31/2032,1819.035626,128.346
RP,12/31/2033,1907.918139,129.807
RP,12/31/2034,1999.717837,131.247
RP,12/31/2035,2094.608497,132.667
RP,12/31/2036,2191.042509,134.067
RP,12/31/2037,2290.316706,135.445
RP,12/31/2038,2392.42847,136.801
RP,12/31/2039,2497.46152,138.135
RP,12/31/2040,2605.23572,139.448
RP,12/31/2041,2714.859752,140.737
RP,12/31/2042,2827.22241,142.004
RP,12/31/2043,2942.324096,143.248
RP,12/31/2044,3060.223209,144.468
RP,12/31/2045,3180.695029,145.665
RP,12/31/2046,3302.176887,146.837
RP,12/31/2047,3426.215905,147.986
RP,12/31/2048,3552.719374,149.111
RP,12/31/2049,3681.638591,150.213
RP,12/31/2050,3812.881011,151.293
RUS,12/31/2017,3831.91906,143.989
RUS,12/31/2018,3970.161309,143.965
RUS,12/31/2019,4100.894051,143.895
RUS,12/31/2020,4227.123346,143.787
RUS,12/31/2021,4351.665391,143.636
RUS,12/31/2022,4476.521508,143.442
RUS,12/31/2023,4602.990138,143.204
RUS,12/31/2024,4731.838474,142.925
RUS,12/31/2025,4863.433859,142.607
RUS,12/31/2026,4997.824368,142.254
RUS,12/31/2027,5134.736241,141.866
RUS,12/31/2028,5273.529221,141.448
RUS,12/31/2029,5413.199016,141.006
RUS,12/31/2030,5552.444156,140.544
RUS,12/31/2031,5689.705503,140.063
RUS,12/31/2032,5823.179932,139.569
RUS,12/31/2033,5950.78059,139.068
RUS,12/31/2034,6070.005041,138.569
RUS,12/31/2035,6179.099594,138.077
RUS,12/31/2036,6276.531456,137.595
RUS,12/31/2037,6361.060976,137.127
RUS,12/31/2038,6431.949607,136.676
RUS,12/31/2039,6489.104044,136.244
RUS,12/31/2040,6533.191263,135.837
RUS,12/31/2041,6565.698697,135.453
RUS,12/31/2042,6588.875855,135.094
RUS,12/31/2043,6605.650713,134.755
RUS,12/31/2044,6619.515313,134.434
RUS,12/31/2045,6634.323157,134.128
RUS,12/31/2046,6654.065263,133.833
RUS,12/31/2047,6682.588232,133.55
RUS,12/31/2048,6723.388366,133.274
RUS,12/31/2049,6779.441533,133.002
RUS,12/31/2050,6853.000162,132.73
SIN,12/31/2017,505.8220797,5.709
SIN,12/31/2018,527.0875185,5.792
SIN,12/31/2019,548.9968552,5.868
SIN,12/31/2020,570.7673545,5.935
SIN,12/31/2021,592.6331772,5.991
SIN,12/31/2022,614.3910895,6.04
SIN,12/31/2023,636.1660493,6.081
SIN,12/31/2024,658.1108713,6.119
SIN,12/31/2025,680.3014097,6.157
SIN,12/31/2026,702.7181254,6.196
SIN,12/31/2027,725.1938516,6.234
SIN,12/31/2028,747.7500539,6.273
SIN,12/31/2029,770.4325822,6.308
SIN,12/31/2030,793.2509408,6.342
SIN,12/31/2031,815.1075278,6.374
SIN,12/31/2032,837.0792738,6.403
SIN,12/31/2033,859.2225485,6.431
SIN,12/31/2034,881.4869759,6.456
SIN,12/31/2035,903.9757933,6.48
SIN,12/31/2036,927.4465009,6.501
SIN,12/31/2037,951.2804358,6.52
SIN,12/31/2038,975.3622655,6.536
SIN,12/31/2039,999.6463049,6.551
SIN,12/31/2040,1024.097294,6.563
SIN,12/31/2041,1048.308222,6.573
SIN,12/31/2042,1072.518765,6.581
SIN,12/31/2043,1096.849594,6.587
SIN,12/31/2044,1121.332634,6.59
SIN,12/31/2045,1146.133994,6.592
SIN,12/31/2046,1171.355261,6.592
SIN,12/31/2047,1197.216295,6.591
SIN,12/31/2048,1223.451954,6.587
SIN,12/31/2049,1249.956195,6.581
SIN,12/31/2050,1276.627451,6.575
CT,12/31/2017,1144.778022,23.626
CT,12/31/2018,1174.226278,23.694
CT,12/31/2019,1204.332586,23.758
CT,12/31/2020,1235.324727,23.817
CT,12/31/2021,1265.025797,23.873
CT,12/31/2022,1295.170881,23.923
CT,12/31/2023,1322.52518,23.968
CT,12/31/2024,1349.552027,24.009
CT,12/31/2025,1376.402957,24.045
CT,12/31/2026,1400.846239,24.077
CT,12/31/2027,1425.027439,24.103
CT,12/31/2028,1446.775432,24.125
CT,12/31/2029,1467.079314,24.141
CT,12/31/2030,1485.206001,24.151
CT,12/31/2031,1502.26763,24.155
CT,12/31/2032,1520.444892,24.153
CT,12/31/2033,1535.637137,24.144
CT,12/31/2034,1549.083343,24.127
CT,12/31/2035,1560.158588,24.1
CT,12/31/2036,1570.966686,24.065
CT,12/31/2037,1582.813217,24.02
CT,12/31/2038,1591.959037,23.965
CT,12/31/2039,1599.821357,23.902
CT,12/31/2040,1606.341777,23.831
CT,12/31/2041,1611.31864,23.75
CT,12/31/2042,1616.037674,23.662
CT,12/31/2043,1619.098482,23.567
CT,12/31/2044,1621.472722,23.466
CT,12/31/2045,1622.919032,23.36
CT,12/31/2046,1624.57716,23.249
CT,12/31/2047,1625.374831,23.134
CT,12/31/2048,1625.967558,23.016
CT,12/31/2049,1626.451438,22.895
CT,12/31/2050,1625.961729,22.771
THA,12/31/2017,1184.110263,69.038
THA,12/31/2018,1226.986583,69.184
THA,12/31/2019,1271.76401,69.306
THA,12/31/2020,1318.616112,69.411
THA,12/31/2021,1368.01632,69.498
THA,12/31/2022,1419.641224,69.568
THA,12/31/2023,1473.635212,69.62
THA,12/31/2024,1529.900194,69.66
THA,12/31/2025,1588.612084,69.685
THA,12/31/2026,1649.893673,69.699
THA,12/31/2027,1713.549542,69.701
THA,12/31/2028,1779.582944,69.69
THA,12/31/2029,1847.832012,69.665
THA,12/31/2030,1918.306719,69.626
THA,12/31/2031,1991.210797,69.572
THA,12/31/2032,2066.292733,69.504
THA,12/31/2033,2143.526174,69.419
THA,12/31/2034,2222.858561,69.318
THA,12/31/2035,2304.2967,69.2
THA,12/31/2036,2388.871342,69.063
THA,12/31/2037,2475.636146,68.908
THA,12/31/2038,2564.705606,68.737
THA,12/31/2039,2655.836453,68.546
THA,12/31/2040,2749.159425,68.339
THA,12/31/2041,2844.307969,68.113
THA,12/31/2042,2941.518354,67.872
THA,12/31/2043,3041.043141,67.613
THA,12/31/2044,3142.837947,67.337
THA,12/31/2045,3246.862848,67.046
THA,12/31/2046,3353.241131,66.739
THA,12/31/2047,3462.03292,66.417
THA,12/31/2048,3573.490528,66.081
THA,12/31/2049,3687.566327,65.733
THA,12/31/2050,3804.488729,65.372
USA,12/31/2017,18610.63538,324.459
USA,12/31/2018,19124.82456,326.767
USA,12/31/2019,19629.75352,329.093
USA,12/31/2020,20133.20903,331.432
USA,12/31/2021,20639.38899,333.784
USA,12/31/2022,21150.42778,336.15
USA,12/31/2023,21667.51116,338.524
USA,12/31/2024,22191.52558,340.895
USA,12/31/2025,22723.29842,343.256
USA,12/31/2026,23263.85811,345.602
USA,12/31/2027,23814.3359,347.93
USA,12/31/2028,24375.09773,350.23
USA,12/31/2029,24942.32979,352.494
USA,12/31/2030,25510.84473,354.712
USA,12/31/2031,26080.02771,356.88
USA,12/31/2032,26649.52533,358.997
USA,12/31/2033,27218.94809,361.061
USA,12/31/2034,27787.66591,363.074
USA,12/31/2035,28355.03268,365.034
USA,12/31/2036,28920.56221,366.942
USA,12/31/2037,29484.04406,368.797
USA,12/31/2038,30045.41087,370.602
USA,12/31/2039,30604.50766,372.358
USA,12/31/2040,31161.25612,374.069
USA,12/31/2041,31715.95503,375.735
USA,12/31/2042,32269.29409,377.36
USA,12/31/2043,32821.92206,378.95
USA,12/31/2044,33374.28605,380.515
USA,12/31/2045,33926.6572,382.059
USA,12/31/2046,34479.3532,383.588
USA,12/31/2047,35032.78692,385.103
USA,12/31/2048,35587.15573,386.607
USA,12/31/2049,36142.43031,388.103
USA,12/31/2050,36698.37543,389.592
VN,12/31/2017,621.3286484,95.54
VN,12/31/2018,659.4645195,96.491
VN,12/31/2019,696.5400745,97.429
VN,12/31/2020,732.1078182,98.36
VN,12/31/2021,769.5290197,99.284
VN,12/31/2022,809.0924678,100.195
VN,12/31/2023,850.6393135,101.084
VN,12/31/2024,894.2082912,101.943
VN,12/31/2025,939.7466749,102.764
VN,12/31/2026,987.911404,103.543
VN,12/31/2027,1038.244635,104.284
VN,12/31/2028,1090.711844,104.986
VN,12/31/2029,1145.41732,105.652
VN,12/31/2030,1202.372648,106.284
VN,12/31/2031,1261.842959,106.881
VN,12/31/2032,1323.645212,107.445
VN,12/31/2033,1387.763568,107.981
VN,12/31/2034,1454.156561,108.494
VN,12/31/2035,1522.686385,108.989
VN,12/31/2036,1593.606262,109.466
VN,12/31/2037,1666.84554,109.928
VN,12/31/2038,1742.290038,110.375
VN,12/31/2039,1819.866338,110.808
VN,12/31/2040,1899.449845,111.229
VN,12/31/2041,1980.359525,111.638
VN,12/31/2042,2063.267327,112.037
VN,12/31/2043,2148.093576,112.421
VN,12/31/2044,2234.51851,112.791
VN,12/31/2045,2322.642559,113.145
VN,12/31/2046,2411.704114,113.481
VN,12/31/2047,2502.285597,113.8
VN,12/31/2048,2594.447303,114.099
VN,12/31/2049,2688.477582,114.376
VN,12/31/2050,2784.627331,114.63
